,0,1,2,3,4,5,int_token,str_token
0,JORFTEXT000048734585,,0,,0,fr/lr/loi/2023-1380/2023-12-31,"[33, 15, 35, 15, 3511, 1757, 175, 982, 747, 444]","['▁fr', '/', 'lr', '/', 'loi', '/2023-1', '3', '80', '/2023-12-', '31']"
1,JORFTEXT000048734585,JORFVERS000048734585,0,,0,LOI n° 2023-1380 du 30 décembre 2023 visant à revaloriser le métier de secrétaire de mairie (1),"[3932, 79, 69, 24, 17, 635, 982, 6, 263, 75, 24, 3546, 14, 540, 1101, 299, 251, 28, 22, 2664, 1025, 3, 400, 3, 3260, 1258]","['▁LOI', '▁n', '°', '▁2023', '-', '13', '80', '▁du', '▁30', '▁décembre', '▁2023', '▁visant', '▁à', '▁re', 'val', 'or', 'is', 'er', '▁le', '▁mét', 'ier', '▁de', '▁secrétaire', '▁de', '▁mairie', '▁(1)']"
2,JORFTEXT000048734585,JORFARTI000048734586,1,1,1,"I. — Après l'article L. 2122-19 du code général des collectivités territoriales, il est inséré un article L. 2122-19-1 ainsi rédigé :","[232, 11, 8, 61, 82, 113, 9, 4, 40, 39, 11, 190, 566, 2489, 6, 68, 93, 13, 474, 1344, 5, 479, 23, 1120, 99, 8, 40, 39, 11, 190, 109, 1070, 3062, 8, 141, 639, 27]","['▁I', '.', '▁', '—', '▁A', 'près', '▁l', ""'"", 'article', '▁L', '.', '▁21', '22', '-19', '▁du', '▁code', '▁général', '▁des', '▁collectivités', '▁territoriales', ',', '▁il', '▁est', '▁inséré', '▁un', '▁', 'article', '▁L', '.', '▁21', '2', '2-1', '9-1', '▁', 'ainsi', '▁rédigé', '▁:']"
3,JORFTEXT000048734585,JORFARTI000048734586,1,1,2,"« Art. L. 2122-19-1. — Pour assurer les fonctions liées au secrétariat de mairie dans les communes de moins de 3 500 habitants, le maire nomme un agent aux fonctions de secrétaire général de mairie, sauf s'il nomme un agent pour occuper les fonctions de directeur général des services. Le secrétaire général de mairie peut exercer ses fonctions à temps partiel ou à temps non complet. »","[32, 602, 11, 39, 11, 190, 109, 1070, 3062, 11, 8, 61, 484, 2203, 25, 154, 2554, 10, 20, 1207, 3, 3260, 43, 25, 816, 3, 869, 3, 126, 3014, 4747, 5, 22, 134, 209, 620, 878, 99, 1104, 51, 154, 3, 400, 93, 3, 3260, 5, 199, 1478, 8, 10, 4, 319, 620, 878, 99, 1104, 37, 8, 4463, 25, 154, 3, 87, 93, 13, 177, 11, 49, 400, 93, 3, 3260, 472, 363, 277, 154, 14, 1595, 2686, 63, 14, 1595, 488, 2909, 11, 45]","['▁«', '▁Art', '.', '▁L', '.', '▁21', '2', '2-1', '9-1', '.', '▁', '—', '▁Pour', '▁assurer', '▁les', '▁fonctions', '▁liée', 's', '▁au', '▁secrétariat', '▁de', '▁mairie', '▁dans', '▁les', '▁communes', '▁de', '▁moins', '▁de', '▁3', '▁500', '▁habitants', ',', '▁le', '▁mai', 're', '▁nom', 'me', '▁un', '▁agent', '▁aux', '▁fonctions', '▁de', '▁secrétaire', '▁général', '▁de', '▁mairie', ',', '▁sa', 'uf', '▁', 's', ""'"", 'il', '▁nom', 'me', '▁un', '▁agent', '▁pour', '▁', 'occuper', '▁les', '▁fonctions', '▁de', '▁directeur', '▁général', '▁des', '▁services', '.', '▁Le', '▁secrétaire', '▁général', '▁de', '▁mairie', '▁peut', '▁exercer', '▁ses', '▁fonctions', '▁à', '▁temps', '▁partiel', '▁ou', '▁à', '▁temps', '▁non', '▁complet', '.', '▁»']"
4,JORFTEXT000048734585,JORFARTI000048734586,1,1,3,"II. — L'article L. 2122-19-1 du code général des collectivités territoriales, dans sa rédaction résultant du I du présent article, est ainsi rédigé :","[308, 11, 8, 61, 39, 4, 40, 39, 11, 190, 109, 1070, 3062, 6, 68, 93, 13, 474, 1344, 5, 43, 199, 2249, 2319, 92, 6, 232, 6, 47, 8, 40, 5, 23, 8, 141, 639, 27]","['▁II', '.', '▁', '—', '▁L', ""'"", 'article', '▁L', '.', '▁21', '2', '2-1', '9-1', '▁du', '▁code', '▁général', '▁des', '▁collectivités', '▁territoriales', ',', '▁dans', '▁sa', '▁rédaction', '▁résult', 'ant', '▁du', '▁I', '▁du', '▁présent', '▁', 'article', ',', '▁est', '▁', 'ainsi', '▁rédigé', '▁:']"
5,JORFTEXT000048734585,JORFARTI000048734586,1,1,4,"« Art. L. 2122-19-1. — Pour assurer les fonctions liées au secrétariat de mairie dans les communes de moins de 2 000 habitants, le maire nomme aux fonctions de secrétaire général de mairie un agent relevant d'un corps ou d'un cadre d'emplois classé au moins dans la catégorie B.","[32, 602, 11, 39, 11, 190, 109, 1070, 3062, 11, 8, 61, 484, 2203, 25, 154, 2554, 10, 20, 1207, 3, 3260, 43, 25, 816, 3, 869, 3, 111, 746, 4747, 5, 22, 134, 209, 620, 878, 51, 154, 3, 400, 93, 3, 3260, 99, 1104, 629, 16, 4, 74, 250, 63, 16, 4, 74, 285, 16, 4, 1701, 2075, 20, 869, 43, 7, 1161, 94, 11]","['▁«', '▁Art', '.', '▁L', '.', '▁21', '2', '2-1', '9-1', '.', '▁', '—', '▁Pour', '▁assurer', '▁les', '▁fonctions', '▁liée', 's', '▁au', '▁secrétariat', '▁de', '▁mairie', '▁dans', '▁les', '▁communes', '▁de', '▁moins', '▁de', '▁2', '▁000', '▁habitants', ',', '▁le', '▁mai', 're', '▁nom', 'me', '▁aux', '▁fonctions', '▁de', '▁secrétaire', '▁général', '▁de', '▁mairie', '▁un', '▁agent', '▁relevant', '▁d', ""'"", 'un', '▁corps', '▁ou', '▁d', ""'"", 'un', '▁cadre', '▁d', ""'"", 'emplois', '▁classé', '▁au', '▁moins', '▁dans', '▁la', '▁catégorie', '▁B', '.']"
6,JORFTEXT000048734585,JORFARTI000048734586,1,1,5,"« Pour assurer les fonctions liées au secrétariat de mairie dans les communes de 2 000 habitants et plus, le maire nomme aux fonctions de secrétaire général de mairie un agent relevant d'un corps ou d'un cadre d'emplois classé dans la catégorie A, sauf s'il nomme un agent pour occuper les fonctions de directeur général des services.","[32, 484, 2203, 25, 154, 2554, 10, 20, 1207, 3, 3260, 43, 25, 816, 3, 111, 746, 4747, 12, 544, 5, 22, 134, 209, 620, 878, 51, 154, 3, 400, 93, 3, 3260, 99, 1104, 629, 16, 4, 74, 250, 63, 16, 4, 74, 285, 16, 4, 1701, 2075, 43, 7, 1161, 82, 5, 199, 1478, 8, 10, 4, 319, 620, 878, 99, 1104, 37, 8, 4463, 25, 154, 3, 87, 93, 13, 177, 11]","['▁«', '▁Pour', '▁assurer', '▁les', '▁fonctions', '▁liée', 's', '▁au', '▁secrétariat', '▁de', '▁mairie', '▁dans', '▁les', '▁communes', '▁de', '▁2', '▁000', '▁habitants', '▁et', '▁plus', ',', '▁le', '▁mai', 're', '▁nom', 'me', '▁aux', '▁fonctions', '▁de', '▁secrétaire', '▁général', '▁de', '▁mairie', '▁un', '▁agent', '▁relevant', '▁d', ""'"", 'un', '▁corps', '▁ou', '▁d', ""'"", 'un', '▁cadre', '▁d', ""'"", 'emplois', '▁classé', '▁dans', '▁la', '▁catégorie', '▁A', ',', '▁sa', 'uf', '▁', 's', ""'"", 'il', '▁nom', 'me', '▁un', '▁agent', '▁pour', '▁', 'occuper', '▁les', '▁fonctions', '▁de', '▁directeur', '▁général', '▁des', '▁services', '.']"
7,JORFTEXT000048734585,JORFARTI000048734586,1,1,6,"« Quel que soit le nombre d'habitants de la commune, le secrétaire général de mairie peut exercer ses fonctions à temps partiel ou à temps non complet. »","[32, 8, 2773, 432, 171, 1307, 22, 340, 16, 4, 1015, 1600, 1517, 10, 3, 7, 1048, 5, 22, 400, 93, 3, 3260, 472, 363, 277, 154, 14, 1595, 2686, 63, 14, 1595, 488, 2909, 11, 45]","['▁«', '▁', 'Qu', 'el', '▁que', '▁soit', '▁le', '▁nombre', '▁d', ""'"", 'ha', 'bi', 'tant', 's', '▁de', '▁la', '▁commune', ',', '▁le', '▁secrétaire', '▁général', '▁de', '▁mairie', '▁peut', '▁exercer', '▁ses', '▁fonctions', '▁à', '▁temps', '▁partiel', '▁ou', '▁à', '▁temps', '▁non', '▁complet', '.', '▁»']"
8,JORFTEXT000048734585,JORFARTI000048734586,1,1,7,III. — Le II du présent article entre en vigueur le 1er janvier 2028.,"[429, 11, 8, 61, 49, 308, 6, 47, 8, 40, 288, 19, 478, 22, 50, 28, 100, 218, 824, 11]","['▁III', '.', '▁', '—', '▁Le', '▁II', '▁du', '▁présent', '▁', 'article', '▁entre', '▁en', '▁vigueur', '▁le', '▁1', 'er', '▁janvier', '▁20', '28', '.']"
9,JORFTEXT000048734585,JORFARTI000048734587,1,2,1,"Par dérogation à l'article L. 523-1 du code général de la fonction publique, à compter du quatrième mois suivant la publication de la présente loi et jusqu'au 31 décembre 2027, les fonctionnaires de catégorie C relevant des grades d'avancement de leur cadre d'emplois respectif et exerçant les fonctions de secrétaire général de mairie peuvent bénéficier d'une promotion interne dans un cadre d'emplois de la catégorie B, selon les modalités prévues à l'article L. 523-5 du code général de la fonction publique, sans qu'une proportion de postes ouverts à la promotion soit préalablement déterminée.","[53, 1843, 14, 9, 4, 40, 39, 11, 8, 932, 1261, 6, 68, 93, 3, 7, 401, 220, 5, 14, 64, 28, 6, 1671, 362, 437, 7, 274, 3, 7, 1656, 373, 12, 530, 304, 4, 248, 233, 75, 218, 971, 5, 25, 931, 3, 1161, 115, 629, 13, 261, 10, 16, 4, 1907, 3, 257, 285, 16, 4, 1701, 664, 1316, 12, 1363, 25, 154, 3, 400, 93, 3, 3260, 470, 1991, 16, 4, 56, 899, 628, 43, 99, 285, 16, 4, 1701, 3, 7, 1161, 94, 5, 8, 10, 1055, 25, 560, 298, 14, 9, 4, 40, 39, 11, 8, 932, 3156, 6, 68, 93, 3, 7, 401, 220, 5, 8, 995, 348, 4, 56, 4542, 3, 383, 1228, 14, 7, 899, 1307, 3616, 1494, 527, 11]","['▁Par', '▁dérogation', '▁à', '▁l', ""'"", 'article', '▁L', '.', '▁', '52', '3-1', '▁du', '▁code', '▁général', '▁de', '▁la', '▁fonction', '▁publique', ',', '▁à', '▁compt', 'er', '▁du', '▁quatrième', '▁mois', '▁suivant', '▁la', '▁publication', '▁de', '▁la', '▁présente', '▁loi', '▁et', '▁jus', 'qu', ""'"", 'au', '▁31', '▁décembre', '▁20', '27', ',', '▁les', '▁fonctionnaires', '▁de', '▁catégorie', '▁C', '▁relevant', '▁des', '▁grade', 's', '▁d', ""'"", 'avancement', '▁de', '▁leur', '▁cadre', '▁d', ""'"", 'emplois', '▁respect', 'if', '▁et', '▁exerçant', '▁les', '▁fonctions', '▁de', '▁secrétaire', '▁général', '▁de', '▁mairie', '▁peuvent', '▁bénéficier', '▁d', ""'"", 'une', '▁promotion', '▁interne', '▁dans', '▁un', '▁cadre', '▁d', ""'"", 'emplois', '▁de', '▁la', '▁catégorie', '▁B', ',', '▁', 's', 'elon', '▁les', '▁modalités', '▁prévues', '▁à', '▁l', ""'"", 'article', '▁L', '.', '▁', '52', '3-5', '▁du', '▁code', '▁général', '▁de', '▁la', '▁fonction', '▁publique', ',', '▁', 'sans', '▁qu', ""'"", 'une', '▁proportion', '▁de', '▁postes', '▁ouverts', '▁à', '▁la', '▁promotion', '▁soit', '▁préalablement', '▁détermin', 'ée', '.']"
10,JORFTEXT000048734585,JORFARTI000048734587,1,2,2,"Un décret en Conseil d'Etat précise les modalités d'application du présent article, notamment les conditions d'ancienneté requise dans l'exercice des fonctions liées au secrétariat de mairie.","[1193, 70, 19, 357, 16, 4, 101, 2423, 25, 560, 16, 4, 197, 6, 47, 8, 40, 5, 953, 25, 151, 16, 4, 4810, 3453, 18, 43, 9, 4, 210, 13, 154, 2554, 10, 20, 1207, 3, 3260, 11]","['▁Un', '▁décret', '▁en', '▁Conseil', '▁d', ""'"", 'Etat', '▁précise', '▁les', '▁modalités', '▁d', ""'"", 'application', '▁du', '▁présent', '▁', 'article', ',', '▁notamment', '▁les', '▁conditions', '▁d', ""'"", 'ancienneté', '▁requis', 'e', '▁dans', '▁l', ""'"", 'exercice', '▁des', '▁fonctions', '▁liée', 's', '▁au', '▁secrétariat', '▁de', '▁mairie', '.']"
11,JORFTEXT000048734585,JORFARTI000048734588,1,3,1,"Outre les modalités de promotion interne mentionnées à l'article L. 523-1 du code général de la fonction publique, les statuts particuliers des cadres d'emplois de la catégorie B peuvent prévoir l'établissement d'une liste d'aptitude ouverte aux fonctionnaires de catégorie C relevant des grades d'avancement de leur cadre d'emplois respectif et ayant validé un examen professionnel sanctionnant une formation qualifiante aux fins d'exercer les fonctions de secrétaire général de mairie, sans qu'une proportion de postes ouverts à la promotion soit préalablement déterminée. La nature de cette formation, les modalités d'organisation de cet examen professionnel ainsi que la nature des épreuves sont précisées par décret.","[3342, 1402, 25, 560, 3, 899, 628, 687, 14, 9, 4, 40, 39, 11, 8, 932, 1261, 6, 68, 93, 3, 7, 401, 220, 5, 25, 1551, 1280, 10, 13, 550, 16, 4, 1701, 3, 7, 1161, 94, 470, 4424, 83, 9, 4, 717, 16, 4, 56, 136, 16, 4, 1148, 1143, 18, 51, 931, 3, 1161, 115, 629, 13, 261, 10, 16, 4, 1907, 3, 257, 285, 16, 4, 1701, 664, 1316, 12, 672, 4799, 99, 8, 589, 396, 4733, 128, 92, 8, 56, 293, 348, 1005, 324, 212, 92, 18, 51, 352, 10, 16, 4, 1672, 25, 154, 3, 400, 93, 3, 3260, 5, 8, 995, 348, 4, 56, 4542, 3, 383, 1228, 14, 7, 899, 1307, 3616, 1494, 527, 11, 80, 1720, 3, 8, 326, 293, 5, 25, 560, 16, 4, 796, 3, 1746, 8, 589, 396, 8, 141, 171, 7, 1720, 13, 758, 52, 645, 580, 10, 533, 36, 70, 11]","['▁Ou', 'tre', '▁les', '▁modalités', '▁de', '▁promotion', '▁interne', '▁mentionnées', '▁à', '▁l', ""'"", 'article', '▁L', '.', '▁', '52', '3-1', '▁du', '▁code', '▁général', '▁de', '▁la', '▁fonction', '▁publique', ',', '▁les', '▁statuts', '▁particulier', 's', '▁des', '▁cadres', '▁d', ""'"", 'emplois', '▁de', '▁la', '▁catégorie', '▁B', '▁peuvent', '▁prévoi', 'r', '▁l', ""'"", 'établissement', '▁d', ""'"", 'une', '▁liste', '▁d', ""'"", 'aptitude', '▁ouvert', 'e', '▁aux', '▁fonctionnaires', '▁de', '▁catégorie', '▁C', '▁relevant', '▁des', '▁grade', 's', '▁d', ""'"", 'avancement', '▁de', '▁leur', '▁cadre', '▁d', ""'"", 'emplois', '▁respect', 'if', '▁et', '▁ayant', '▁validé', '▁un', '▁', 'examen', '▁professionnel', '▁sanction', 'n', 'ant', '▁', 'une', '▁formation', '▁qu', 'ali', 'f', 'i', 'ant', 'e', '▁aux', '▁fin', 's', '▁d', ""'"", 'exercer', '▁les', '▁fonctions', '▁de', '▁secrétaire', '▁général', '▁de', '▁mairie', ',', '▁', 'sans', '▁qu', ""'"", 'une', '▁proportion', '▁de', '▁postes', '▁ouverts', '▁à', '▁la', '▁promotion', '▁soit', '▁préalablement', '▁détermin', 'ée', '.', '▁La', '▁nature', '▁de', '▁', 'cette', '▁formation', ',', '▁les', '▁modalités', '▁d', ""'"", 'organisation', '▁de', '▁cet', '▁', 'examen', '▁professionnel', '▁', 'ainsi', '▁que', '▁la', '▁nature', '▁des', '▁épreuves', '▁sont', '▁pré', 'ci', 's', 'ées', '▁par', '▁décret', '.']"
12,JORFTEXT000048734585,JORFARTI000048734588,1,3,2,L'inscription sur la liste d'aptitude prévue au premier alinéa du présent article permet d'être nommé dans l'un des cadres d'emplois de la catégorie B mentionnés au même premier alinéa pour exercer uniquement les fonctions de secrétaire général de mairie. Un décret précise la durée minimale d'exercice de ces fonctions.,"[39, 4, 742, 72, 7, 136, 16, 4, 1148, 475, 20, 346, 193, 6, 47, 8, 40, 3085, 16, 4, 1983, 188, 43, 9, 4, 74, 13, 550, 16, 4, 1701, 3, 7, 1161, 94, 524, 20, 249, 346, 193, 37, 363, 3045, 25, 154, 3, 400, 93, 3, 3260, 11, 1193, 70, 2423, 7, 144, 2591, 16, 4, 210, 3, 697, 154, 11]","['▁L', ""'"", 'inscription', '▁sur', '▁la', '▁liste', '▁d', ""'"", 'aptitude', '▁prévue', '▁au', '▁premier', '▁alinéa', '▁du', '▁présent', '▁', 'article', '▁permet', '▁d', ""'"", 'être', '▁nommé', '▁dans', '▁l', ""'"", 'un', '▁des', '▁cadres', '▁d', ""'"", 'emplois', '▁de', '▁la', '▁catégorie', '▁B', '▁mentionnés', '▁au', '▁même', '▁premier', '▁alinéa', '▁pour', '▁exercer', '▁uniquement', '▁les', '▁fonctions', '▁de', '▁secrétaire', '▁général', '▁de', '▁mairie', '.', '▁Un', '▁décret', '▁précise', '▁la', '▁durée', '▁minimale', '▁d', ""'"", 'exercice', '▁de', '▁ces', '▁fonctions', '.']"
13,JORFTEXT000048734585,JORFARTI000048734589,1,4,1,L'article L. 452-38 du code général de la fonction publique est complété par un 13° ainsi rédigé :,"[39, 4, 40, 39, 11, 1835, 2089, 146, 6, 68, 93, 3, 7, 401, 220, 23, 984, 36, 99, 224, 69, 8, 141, 639, 27]","['▁L', ""'"", 'article', '▁L', '.', '▁45', '2-3', '8', '▁du', '▁code', '▁général', '▁de', '▁la', '▁fonction', '▁publique', '▁est', '▁complété', '▁par', '▁un', '▁13', '°', '▁', 'ainsi', '▁rédigé', '▁:']"
14,JORFTEXT000048734585,JORFARTI000048734589,1,4,2,"« 13° L'animation du réseau des secrétaires généraux de mairie dans leur ressort territorial, sans préjudice des autres dispositifs en ce sens animés par d'autres acteurs locaux. »","[32, 224, 69, 39, 4, 3693, 6, 2204, 13, 400, 10, 1418, 3, 3260, 43, 257, 3944, 719, 5, 8, 995, 3302, 13, 1036, 2258, 19, 156, 2035, 1054, 624, 405, 36, 16, 4, 1871, 4092, 2285, 11, 45]","['▁«', '▁13', '°', '▁L', ""'"", 'animation', '▁du', '▁réseau', '▁des', '▁secrétaire', 's', '▁généraux', '▁de', '▁mairie', '▁dans', '▁leur', '▁ressort', '▁territorial', ',', '▁', 'sans', '▁préjudice', '▁des', '▁autres', '▁dispositifs', '▁en', '▁ce', '▁sens', '▁an', 'im', 'és', '▁par', '▁d', ""'"", 'autres', '▁acteurs', '▁locaux', '.', '▁»']"
15,JORFTEXT000048734585,JORFARTI000048734590,1,5,1,Le code général de la fonction publique est ainsi modifié :,"[49, 68, 93, 3, 7, 401, 220, 23, 8, 141, 213, 27]","['▁Le', '▁code', '▁général', '▁de', '▁la', '▁fonction', '▁publique', '▁est', '▁', 'ainsi', '▁modifié', '▁:']"
16,JORFTEXT000048734585,JORFARTI000048734590,1,5,2,1° La sous-section 2 de la section 3 du chapitre II du titre II du livre IV est complétée par un article L. 422-34-1 ainsi rédigé :,"[292, 80, 142, 17, 1658, 111, 3, 7, 254, 126, 6, 799, 308, 6, 97, 308, 6, 1522, 392, 23, 984, 18, 36, 99, 8, 40, 39, 11, 8, 901, 2089, 1404, 8, 141, 639, 27]","['▁1°', '▁La', '▁sous', '-', 'section', '▁2', '▁de', '▁la', '▁section', '▁3', '▁du', '▁chapitre', '▁II', '▁du', '▁titre', '▁II', '▁du', '▁livre', '▁IV', '▁est', '▁complété', 'e', '▁par', '▁un', '▁', 'article', '▁L', '.', '▁', '42', '2-3', '4-1', '▁', 'ainsi', '▁rédigé', '▁:']"
17,JORFTEXT000048734585,JORFARTI000048734590,1,5,3,"« Art. L. 422-34-1. — Outre la formation initiale dont ils bénéficient en application du statut particulier dont ils relèvent, les agents qui occupent un emploi de secrétaire général de mairie reçoivent, dans un délai d'un an à compter de leur prise de poste, une formation adaptée aux besoins de la collectivité concernée. » ;","[32, 602, 11, 39, 11, 8, 901, 2089, 1404, 11, 8, 61, 3342, 1402, 7, 293, 3128, 16, 71, 479, 10, 3537, 242, 19, 181, 6, 1192, 1280, 16, 71, 479, 10, 3108, 242, 5, 25, 592, 58, 8, 1222, 185, 1687, 342, 99, 504, 3, 400, 93, 3, 3260, 540, 4854, 5, 43, 99, 864, 16, 4, 74, 1054, 14, 64, 28, 3, 257, 496, 3, 855, 5, 8, 56, 293, 3193, 18, 51, 2696, 10, 3, 7, 3619, 2386, 18, 11, 45, 46]","['▁«', '▁Art', '.', '▁L', '.', '▁', '42', '2-3', '4-1', '.', '▁', '—', '▁Ou', 'tre', '▁la', '▁formation', '▁initiale', '▁d', 'ont', '▁il', 's', '▁bénéficie', 'nt', '▁en', '▁application', '▁du', '▁statut', '▁particulier', '▁d', 'ont', '▁il', 's', '▁relève', 'nt', ',', '▁les', '▁agents', '▁qui', '▁', 'oc', 'c', 'up', 'ent', '▁un', '▁emploi', '▁de', '▁secrétaire', '▁général', '▁de', '▁mairie', '▁re', 'çoivent', ',', '▁dans', '▁un', '▁délai', '▁d', ""'"", 'un', '▁an', '▁à', '▁compt', 'er', '▁de', '▁leur', '▁prise', '▁de', '▁poste', ',', '▁', 'une', '▁formation', '▁adapté', 'e', '▁aux', '▁besoin', 's', '▁de', '▁la', '▁collectivité', '▁concerné', 'e', '.', '▁»', '▁;']"
18,JORFTEXT000048734585,JORFARTI000048734590,1,5,4,"2° Avant le dernier alinéa de l'article L. 451-6, il est inséré un alinéa ainsi rédigé :","[328, 82, 2006, 22, 942, 193, 3, 9, 4, 40, 39, 11, 1835, 3913, 5, 479, 23, 1120, 99, 193, 8, 141, 639, 27]","['▁2°', '▁A', 'vant', '▁le', '▁dernier', '▁alinéa', '▁de', '▁l', ""'"", 'article', '▁L', '.', '▁45', '1-6', ',', '▁il', '▁est', '▁inséré', '▁un', '▁alinéa', '▁', 'ainsi', '▁rédigé', '▁:']"
19,JORFTEXT000048734585,JORFARTI000048734590,1,5,5,« Il définit et assure la formation des agents publics occupant un emploi de secrétaire général de mairie dans les conditions prévues à l'article L. 422-34-1. »,"[32, 314, 2069, 124, 12, 3030, 7, 293, 13, 592, 130, 2928, 99, 504, 3, 400, 93, 3, 3260, 43, 25, 151, 298, 14, 9, 4, 40, 39, 11, 8, 901, 2089, 1404, 11, 45]","['▁«', '▁Il', '▁défini', 't', '▁et', '▁assure', '▁la', '▁formation', '▁des', '▁agents', '▁publics', '▁occupant', '▁un', '▁emploi', '▁de', '▁secrétaire', '▁général', '▁de', '▁mairie', '▁dans', '▁les', '▁conditions', '▁prévues', '▁à', '▁l', ""'"", 'article', '▁L', '.', '▁', '42', '2-3', '4-1', '.', '▁»']"
20,JORFTEXT000048734585,JORFARTI000048734591,1,6,1,"Dans un délai d'un an à compter de la promulgation de la présente loi, le Gouvernement remet au Parlement un rapport évaluant les formations supérieures préparant au métier de secrétaire de mairie. Ce rapport évalue également la pertinence de la création, au niveau national, d'une filière permettant l'obtention d'un diplôme national d'enseignement supérieur préparant au métier de secrétaire général de mairie.","[817, 99, 864, 16, 4, 74, 1054, 14, 64, 28, 3, 7, 2479, 149, 204, 166, 3, 7, 1656, 373, 5, 22, 1354, 540, 1738, 20, 3197, 99, 1647, 8, 81, 1101, 202, 92, 25, 293, 10, 767, 10, 645, 1428, 92, 20, 2664, 1025, 3, 400, 3, 3260, 11, 1836, 1647, 8, 81, 1101, 1274, 1256, 7, 409, 28, 124, 280, 1159, 3, 7, 888, 5, 20, 843, 194, 5, 16, 4, 56, 2290, 1238, 9, 4, 2435, 16, 4, 74, 935, 194, 16, 4, 318, 252, 645, 1428, 92, 20, 2664, 1025, 3, 400, 93, 3, 3260, 11]","['▁Dans', '▁un', '▁délai', '▁d', ""'"", 'un', '▁an', '▁à', '▁compt', 'er', '▁de', '▁la', '▁promu', 'l', 'g', 'ation', '▁de', '▁la', '▁présente', '▁loi', ',', '▁le', '▁Gouvernement', '▁re', 'met', '▁au', '▁Parlement', '▁un', '▁rapport', '▁', 'é', 'val', 'u', 'ant', '▁les', '▁formation', 's', '▁supérieure', 's', '▁pré', 'par', 'ant', '▁au', '▁mét', 'ier', '▁de', '▁secrétaire', '▁de', '▁mairie', '.', '▁Ce', '▁rapport', '▁', 'é', 'val', 'ue', '▁également', '▁la', '▁p', 'er', 't', 'in', 'ence', '▁de', '▁la', '▁création', ',', '▁au', '▁niveau', '▁national', ',', '▁d', ""'"", 'une', '▁filière', '▁permettant', '▁l', ""'"", 'obtention', '▁d', ""'"", 'un', '▁diplôme', '▁national', '▁d', ""'"", 'enseignement', '▁supérieur', '▁pré', 'par', 'ant', '▁au', '▁mét', 'ier', '▁de', '▁secrétaire', '▁général', '▁de', '▁mairie', '.']"
21,JORFTEXT000048734585,JORFARTI000048734592,1,7,1,"Le 2° de l'article L. 523-5 du code général de la fonction publique est complété par une phrase ainsi rédigée : « Celui-ci veille à ce que les listes d'aptitude comprennent une part, fixée par décret, de fonctionnaires exerçant les fonctions de secrétaire général de mairie. »","[49, 328, 3, 9, 4, 40, 39, 11, 8, 932, 3156, 6, 68, 93, 3, 7, 401, 220, 23, 984, 36, 8, 56, 1355, 8, 141, 2593, 27, 32, 1836, 1652, 212, 17, 580, 3951, 14, 156, 171, 25, 136, 10, 16, 4, 1148, 3886, 2981, 8, 56, 858, 5, 752, 36, 70, 5, 3, 931, 1363, 25, 154, 3, 400, 93, 3, 3260, 11, 45]","['▁Le', '▁2°', '▁de', '▁l', ""'"", 'article', '▁L', '.', '▁', '52', '3-5', '▁du', '▁code', '▁général', '▁de', '▁la', '▁fonction', '▁publique', '▁est', '▁complété', '▁par', '▁', 'une', '▁phrase', '▁', 'ainsi', '▁rédigée', '▁:', '▁«', '▁Ce', 'lu', 'i', '-', 'ci', '▁veille', '▁à', '▁ce', '▁que', '▁les', '▁liste', 's', '▁d', ""'"", 'aptitude', '▁compren', 'nent', '▁', 'une', '▁part', ',', '▁fixée', '▁par', '▁décret', ',', '▁de', '▁fonctionnaires', '▁exerçant', '▁les', '▁fonctions', '▁de', '▁secrétaire', '▁général', '▁de', '▁mairie', '.', '▁»']"
22,JORFTEXT000048734585,JORFARTI000048734593,1,8,1,Les agents exerçant les fonctions de secrétaire général de mairie bénéficient d'un avantage spécifique d'ancienneté pour le calcul de l'ancienneté requise au titre de l'avancement d'échelon.,"[96, 592, 1363, 25, 154, 3, 400, 93, 3, 3260, 3537, 242, 16, 4, 74, 1135, 532, 2704, 16, 4, 4810, 37, 22, 1825, 3, 9, 4, 4810, 3453, 18, 20, 97, 3, 9, 4, 1907, 16, 4, 2250, 1055, 11]","['▁Les', '▁agents', '▁exerçant', '▁les', '▁fonctions', '▁de', '▁secrétaire', '▁général', '▁de', '▁mairie', '▁bénéficie', 'nt', '▁d', ""'"", 'un', '▁avant', 'age', '▁spécifique', '▁d', ""'"", 'ancienneté', '▁pour', '▁le', '▁calcul', '▁de', '▁l', ""'"", 'ancienneté', '▁requis', 'e', '▁au', '▁titre', '▁de', '▁l', ""'"", 'avancement', '▁d', ""'"", 'éch', 'elon', '.']"
23,JORFTEXT000048734585,JORFARTI000048734594,1,9,1,L'article L. 332-8 du code général de la fonction publique est complété par un 7° ainsi rédigé :,"[39, 4, 40, 39, 11, 126, 1111, 17, 146, 6, 68, 93, 3, 7, 401, 220, 23, 984, 36, 99, 2637, 8, 141, 639, 27]","['▁L', ""'"", 'article', '▁L', '.', '▁3', '32', '-', '8', '▁du', '▁code', '▁général', '▁de', '▁la', '▁fonction', '▁publique', '▁est', '▁complété', '▁par', '▁un', '▁7°', '▁', 'ainsi', '▁rédigé', '▁:']"
24,JORFTEXT000048734585,JORFARTI000048734594,1,9,2,« 7° Pour les emplois de secrétaire général de mairie des communes de moins de 2 000 habitants. »,"[32, 2637, 484, 25, 714, 3, 400, 93, 3, 3260, 13, 816, 3, 869, 3, 111, 746, 4747, 11, 45]","['▁«', '▁7°', '▁Pour', '▁les', '▁emplois', '▁de', '▁secrétaire', '▁général', '▁de', '▁mairie', '▁des', '▁communes', '▁de', '▁moins', '▁de', '▁2', '▁000', '▁habitants', '.', '▁»']"
25,JORFTEXT000048734585,JORFARTI000048734594,1,9,3,La présente loi sera exécutée comme loi de l'Etat.,"[80, 1656, 373, 67, 4746, 419, 373, 3, 9, 4, 101, 11]","['▁La', '▁présente', '▁loi', '▁sera', '▁exécutée', '▁comme', '▁loi', '▁de', '▁l', ""'"", 'Etat', '.']"
26,JORFTEXT000048734597,,0,,0,fr/lr/decret/PRER2326403D/2023-12-31,"[33, 15, 35, 15, 77, 167, 15, 2899, 200, 107, 1010, 884, 76, 747, 444]","['▁fr', '/', 'lr', '/', 'de', 'cret', '/', 'PRE', 'R', '232', '64', '03', 'D', '/2023-12-', '31']"
27,JORFTEXT000048734597,JORFVERS000048734597,0,,0,Décret du 29 décembre 2023 portant élévation aux dignités de grand'croix et de grand officier de l'ordre national de la Légion d'honneur,"[168, 6, 381, 75, 24, 44, 4282, 51, 16, 1326, 575, 10, 3, 1315, 4, 185, 83, 3279, 12, 3, 1315, 8, 2180, 3, 9, 4, 636, 194, 3, 7, 1934, 16, 4, 1873]","['▁Décret', '▁du', '▁29', '▁décembre', '▁2023', '▁portant', '▁élévation', '▁aux', '▁d', 'ign', 'ité', 's', '▁de', '▁grand', ""'"", 'c', 'r', 'oix', '▁et', '▁de', '▁grand', '▁', 'officier', '▁de', '▁l', ""'"", 'ordre', '▁national', '▁de', '▁la', '▁Légion', '▁d', ""'"", 'honneur']"
28,JORFTEXT000048734597,JORFARTI000048734598,1,,1,"Par décret du Président de la République en date du 29 décembre 2023, pris sur le rapport de la Première ministre et visé pour son exécution par le grand chancelier de la Légion d'honneur, vu la déclaration du conseil de l'ordre portant que les présentes élévations sont faites en conformité des lois, décrets et règlements en vigueur, le conseil des ministres entendu, sont élevés, pour prendre rang à compter de la date de réception dans leur dignité :","[53, 70, 6, 358, 3, 7, 55, 19, 38, 6, 381, 75, 54, 543, 72, 22, 1647, 3, 7, 90, 290, 34, 12, 1213, 37, 273, 8, 148, 36, 22, 1315, 3494, 3, 7, 1934, 16, 4, 1873, 5, 1239, 7, 1761, 6, 267, 3, 9, 4, 636, 44, 171, 25, 47, 88, 4282, 10, 52, 1221, 88, 19, 2522, 13, 373, 10, 5, 70, 10, 12, 937, 10, 19, 478, 5, 22, 267, 13, 34, 10, 4505, 5, 52, 2337, 10, 5, 37, 8, 1299, 1810, 14, 64, 28, 3, 7, 38, 3, 2143, 43, 257, 16, 1326, 575, 27]","['▁Par', '▁décret', '▁du', '▁Président', '▁de', '▁la', '▁République', '▁en', '▁date', '▁du', '▁29', '▁décembre', '▁2023,', '▁pris', '▁sur', '▁le', '▁rapport', '▁de', '▁la', '▁P', 'remière', '▁ministre', '▁et', '▁visé', '▁pour', '▁son', '▁', 'exécution', '▁par', '▁le', '▁grand', '▁chancelier', '▁de', '▁la', '▁Légion', '▁d', ""'"", 'honneur', ',', '▁vu', '▁la', '▁déclaration', '▁du', '▁conseil', '▁de', '▁l', ""'"", 'ordre', '▁portant', '▁que', '▁les', '▁présent', 'es', '▁élévation', 's', '▁sont', '▁fait', 'es', '▁en', '▁conformité', '▁des', '▁loi', 's', ',', '▁décret', 's', '▁et', '▁règlement', 's', '▁en', '▁vigueur', ',', '▁le', '▁conseil', '▁des', '▁ministre', 's', '▁entendu', ',', '▁sont', '▁élevé', 's', ',', '▁pour', '▁', 'prendre', '▁rang', '▁à', '▁compt', 'er', '▁de', '▁la', '▁date', '▁de', '▁réception', '▁dans', '▁leur', '▁d', 'ign', 'ité', '▁:']"
29,JORFTEXT000048734597,JORFARTI000048734598,1,,2,A la dignité de grand'croix,"[82, 7, 16, 1326, 575, 3, 1315, 4, 185, 83, 3279]","['▁A', '▁la', '▁d', 'ign', 'ité', '▁de', '▁grand', ""'"", 'c', 'r', 'oix']"
30,JORFTEXT000048734597,JORFARTI000048734598,1,,3,"M. Arnault (Bernard, Jean, Etienne), président de sociétés. Grand officier du 20 octobre 2011.","[30, 11, 1688, 128, 4422, 21, 4570, 5, 387, 5, 8, 2291, 59, 473, 3, 84, 10, 11, 1681, 8, 2180, 6, 218, 122, 1772, 11]","['▁M', '.', '▁Ar', 'n', 'ault', '▁(', 'Bernard', ',', '▁Jean', ',', '▁', 'Etienne', '),', '▁président', '▁de', '▁société', 's', '.', '▁Grand', '▁', 'officier', '▁du', '▁20', '▁octobre', '▁2011', '.']"
31,JORFTEXT000048734597,JORFARTI000048734598,1,,4,"Mme Meyer, née André (Dominique), professeure émérite des universités en hématologie, membre de l'Académie des sciences. Grand officier du 16 août 2016.","[48, 30, 2233, 28, 5, 485, 2455, 21, 3686, 59, 930, 18, 8, 81, 1076, 83, 1426, 13, 1241, 19, 8, 4786, 5, 278, 3, 9, 4, 3147, 18, 13, 1456, 11, 1681, 8, 2180, 6, 275, 145, 844, 11]","['▁Mme', '▁M', 'ey', 'er', ',', '▁née', '▁André', '▁(', 'Dominique', '),', '▁professeur', 'e', '▁', 'é', 'mé', 'r', 'ite', '▁des', '▁universités', '▁en', '▁', 'hématologie', ',', '▁membre', '▁de', '▁l', ""'"", 'Académi', 'e', '▁des', '▁sciences', '.', '▁Grand', '▁', 'officier', '▁du', '▁16', '▁août', '▁2016', '.']"
32,JORFTEXT000048734597,JORFARTI000048734598,1,,5,A la dignité de grand officier,"[82, 7, 16, 1326, 575, 3, 1315, 8, 2180]","['▁A', '▁la', '▁d', 'ign', 'ité', '▁de', '▁grand', '▁', 'officier']"
33,JORFTEXT000048734597,JORFARTI000048734598,1,,6,"M. Darrois (Jean-Michel, Henri, Adrien), avocat au barreau de Paris. Commandeur du 18 mai 2011.","[30, 11, 108, 389, 83, 1403, 21, 1158, 17, 2510, 5, 8, 2549, 5, 8, 3289, 59, 2821, 20, 366, 389, 209, 248, 3, 237, 11, 115, 819, 1359, 77, 441, 6, 336, 134, 1772, 11]","['▁M', '.', '▁D', 'ar', 'r', 'ois', '▁(', 'Jean', '-', 'Michel', ',', '▁', 'Henri', ',', '▁', 'Adrien', '),', '▁avocat', '▁au', '▁b', 'ar', 're', 'au', '▁de', '▁Paris', '.', '▁C', 'om', 'man', 'de', 'ur', '▁du', '▁18', '▁mai', '▁2011', '.']"
34,JORFTEXT000048734597,JORFARTI000048734598,1,,7,"Mme Lewiner, née de Botton (Colette), administratrice de sociétés. Commandeur du 17 mars 2010.","[48, 49, 692, 280, 28, 5, 485, 3, 94, 640, 2684, 21, 119, 446, 736, 59, 954, 567, 3, 84, 10, 11, 115, 819, 1359, 77, 441, 6, 264, 120, 1711, 11]","['▁Mme', '▁Le', 'w', 'in', 'er', ',', '▁née', '▁de', '▁B', 'ot', 'ton', '▁(', 'C', 'ol', 'ette', '),', '▁administrat', 'rice', '▁de', '▁société', 's', '.', '▁C', 'om', 'man', 'de', 'ur', '▁du', '▁17', '▁mars', '▁2010', '.']"
35,JORFTEXT000048734597,JORFARTI000048734598,1,,8,"M. de Rothschild (David, René, James), président d'honneur d'un groupe bancaire. Commandeur du 3 mars 2009.","[30, 11, 3, 949, 839, 10, 556, 319, 172, 21, 4268, 5, 3357, 5, 541, 638, 88, 59, 473, 16, 4, 1873, 16, 4, 74, 939, 4831, 11, 115, 819, 1359, 77, 441, 6, 126, 120, 2062, 11]","['▁M', '.', '▁de', '▁Ro', 'th', 's', 'ch', 'il', 'd', '▁(', 'David', ',', '▁René', ',', '▁J', 'am', 'es', '),', '▁président', '▁d', ""'"", 'honneur', '▁d', ""'"", 'un', '▁groupe', '▁bancaire', '.', '▁C', 'om', 'man', 'de', 'ur', '▁du', '▁3', '▁mars', '▁2009', '.']"
36,JORFTEXT000048734597,JORFARTI000048734598,1,,9,"Mme Toros-Marter, née Marter (Denise, Rachel), ancienne déportée, présidente d'associations mémorielles. Commandeur du 4 septembre 2016.","[48, 253, 299, 178, 10, 17, 170, 892, 28, 5, 485, 30, 892, 28, 21, 1285, 18, 5, 103, 114, 591, 149, 59, 1768, 741, 2103, 527, 5, 1051, 16, 4, 951, 10, 8, 1076, 1332, 413, 1528, 11, 115, 819, 1359, 77, 441, 6, 150, 112, 844, 11]","['▁Mme', '▁T', 'or', 'o', 's', '-', 'M', 'art', 'er', ',', '▁née', '▁M', 'art', 'er', '▁(', 'Denis', 'e', ',', '▁R', 'a', 'che', 'l', '),', '▁ancienne', '▁dé', 'port', 'ée', ',', '▁présidente', '▁d', ""'"", 'association', 's', '▁', 'mé', 'mo', 'ri', 'elles', '.', '▁C', 'om', 'man', 'de', 'ur', '▁du', '▁4', '▁septembre', '▁2016', '.']"
37,JORFTEXT000048734599,,0,,0,fr/lr/decret/PRER2326399D/2023-12-31,"[33, 15, 35, 15, 77, 167, 15, 2899, 200, 107, 1224, 1044, 76, 747, 444]","['▁fr', '/', 'lr', '/', 'de', 'cret', '/', 'PRE', 'R', '232', '63', '99', 'D', '/2023-12-', '31']"
38,JORFTEXT000048734599,JORFVERS000048734599,0,,0,Décret du 29 décembre 2023 portant nomination dans l'ordre national de la Légion d'honneur,"[168, 6, 381, 75, 24, 44, 78, 43, 9, 4, 636, 194, 3, 7, 1934, 16, 4, 1873]","['▁Décret', '▁du', '▁29', '▁décembre', '▁2023', '▁portant', '▁nomination', '▁dans', '▁l', ""'"", 'ordre', '▁national', '▁de', '▁la', '▁Légion', '▁d', ""'"", 'honneur']"
39,JORFTEXT000048734599,JORFARTI000048734600,1,,1,"Par décret du Président de la République en date du 29 décembre 2023, pris sur le rapport de la Première ministre et de la ministre de l'enseignement supérieur et de la recherche et visé pour son exécution par le grand chancelier de la Légion d'honneur, vu la déclaration du conseil de l'ordre portant que la présente nomination est faite en conformité des lois, décrets et règlements en vigueur et notamment de l'article R. 17 du code de la Légion d'honneur, de la Médaille militaire et de l'ordre national du Mérite, le conseil des ministres entendu, est nommé, pour prendre rang à compter de la date de réception dans son grade :","[53, 70, 6, 358, 3, 7, 55, 19, 38, 6, 381, 75, 54, 543, 72, 22, 1647, 3, 7, 90, 290, 34, 12, 3, 7, 34, 3, 9, 4, 318, 252, 12, 3, 7, 316, 12, 1213, 37, 273, 8, 148, 36, 22, 1315, 3494, 3, 7, 1934, 16, 4, 1873, 5, 1239, 7, 1761, 6, 267, 3, 9, 4, 636, 44, 171, 7, 1656, 78, 23, 1221, 18, 19, 2522, 13, 373, 10, 5, 70, 10, 12, 937, 10, 19, 478, 12, 953, 3, 9, 4, 40, 103, 11, 264, 6, 68, 3, 7, 1934, 16, 4, 1873, 5, 3, 7, 3815, 18, 838, 12, 3, 9, 4, 636, 194, 6, 3072, 5, 22, 267, 13, 34, 10, 4505, 5, 23, 188, 5, 37, 8, 1299, 1810, 14, 64, 28, 3, 7, 38, 3, 2143, 43, 273, 261, 27]","['▁Par', '▁décret', '▁du', '▁Président', '▁de', '▁la', '▁République', '▁en', '▁date', '▁du', '▁29', '▁décembre', '▁2023,', '▁pris', '▁sur', '▁le', '▁rapport', '▁de', '▁la', '▁P', 'remière', '▁ministre', '▁et', '▁de', '▁la', '▁ministre', '▁de', '▁l', ""'"", 'enseignement', '▁supérieur', '▁et', '▁de', '▁la', '▁recherche', '▁et', '▁visé', '▁pour', '▁son', '▁', 'exécution', '▁par', '▁le', '▁grand', '▁chancelier', '▁de', '▁la', '▁Légion', '▁d', ""'"", 'honneur', ',', '▁vu', '▁la', '▁déclaration', '▁du', '▁conseil', '▁de', '▁l', ""'"", 'ordre', '▁portant', '▁que', '▁la', '▁présente', '▁nomination', '▁est', '▁fait', 'e', '▁en', '▁conformité', '▁des', '▁loi', 's', ',', '▁décret', 's', '▁et', '▁règlement', 's', '▁en', '▁vigueur', '▁et', '▁notamment', '▁de', '▁l', ""'"", 'article', '▁R', '.', '▁17', '▁du', '▁code', '▁de', '▁la', '▁Légion', '▁d', ""'"", 'honneur', ',', '▁de', '▁la', '▁Médaill', 'e', '▁militaire', '▁et', '▁de', '▁l', ""'"", 'ordre', '▁national', '▁du', '▁Mérite', ',', '▁le', '▁conseil', '▁des', '▁ministre', 's', '▁entendu', ',', '▁est', '▁nommé', ',', '▁pour', '▁', 'prendre', '▁rang', '▁à', '▁compt', 'er', '▁de', '▁la', '▁date', '▁de', '▁réception', '▁dans', '▁son', '▁grade', '▁:']"
40,JORFTEXT000048734599,JORFARTI000048734600,1,,2,Ministère de l'enseignement supérieur et de la recherche,"[2783, 3, 9, 4, 318, 252, 12, 3, 7, 316]","['▁Ministère', '▁de', '▁l', ""'"", 'enseignement', '▁supérieur', '▁et', '▁de', '▁la', '▁recherche']"
41,JORFTEXT000048734599,JORFARTI000048734600,1,,3,Au grade de commandeur,"[191, 261, 3, 3281, 441]","['▁Au', '▁grade', '▁de', '▁commande', 'ur']"
42,JORFTEXT000048734599,JORFARTI000048734600,1,,4,"M. Agostini (Pierre, André, Charles), prix Nobel de physique, professeur émérite de l'Université d'Etat de l'Ohio (Etats-Unis) ; 56 ans de services.","[30, 11, 82, 1847, 720, 2631, 21, 886, 5, 2455, 5, 2563, 59, 1723, 2056, 3396, 3, 1833, 5, 930, 8, 81, 1076, 83, 1426, 3, 9, 4, 3713, 16, 4, 101, 3, 9, 4, 347, 1530, 178, 21, 101, 10, 17, 2039, 29, 46, 8, 979, 225, 3, 177, 11]","['▁M', '.', '▁A', 'go', 'st', 'ini', '▁(', 'Pierre', ',', '▁André', ',', '▁Charles', '),', '▁prix', '▁No', 'bel', '▁de', '▁physique', ',', '▁professeur', '▁', 'é', 'mé', 'r', 'ite', '▁de', '▁l', ""'"", 'Université', '▁d', ""'"", 'Etat', '▁de', '▁l', ""'"", 'O', 'hi', 'o', '▁(', 'Etat', 's', '-', 'Unis', ')', '▁;', '▁', '56', '▁ans', '▁de', '▁services', '.']"
43,JORFTEXT000048734602,,0,,0,fr/lr/decret/PRER2326400D/2023-12-31,"[33, 15, 35, 15, 77, 167, 15, 2899, 200, 107, 1010, 440, 76, 747, 444]","['▁fr', '/', 'lr', '/', 'de', 'cret', '/', 'PRE', 'R', '232', '64', '00', 'D', '/2023-12-', '31']"
44,JORFTEXT000048734602,JORFVERS000048734602,0,,0,Décret du 29 décembre 2023 portant promotion à titre exceptionnel dans l'ordre national de la Légion d'honneur,"[168, 6, 381, 75, 24, 44, 899, 14, 97, 2544, 43, 9, 4, 636, 194, 3, 7, 1934, 16, 4, 1873]","['▁Décret', '▁du', '▁29', '▁décembre', '▁2023', '▁portant', '▁promotion', '▁à', '▁titre', '▁exceptionnel', '▁dans', '▁l', ""'"", 'ordre', '▁national', '▁de', '▁la', '▁Légion', '▁d', ""'"", 'honneur']"
45,JORFTEXT000048734602,JORFARTI000048734603,1,,1,"Par décret du Président de la République en date du 29 décembre 2023, pris sur le rapport de la Première ministre et de la ministre de l'enseignement supérieur et de la recherche et visé pour son exécution par le grand chancelier de la Légion d'honneur, vu la déclaration du conseil de l'ordre portant que la présente promotion est faite en conformité des lois, décrets et règlements en vigueur et notamment de l'article R. 27 du code de la Légion d'honneur, de la Médaille militaire et de l'ordre national du Mérite, le conseil des ministres entendu, est promue, pour prendre rang à compter de la date de réception dans son grade :","[53, 70, 6, 358, 3, 7, 55, 19, 38, 6, 381, 75, 54, 543, 72, 22, 1647, 3, 7, 90, 290, 34, 12, 3, 7, 34, 3, 9, 4, 318, 252, 12, 3, 7, 316, 12, 1213, 37, 273, 8, 148, 36, 22, 1315, 3494, 3, 7, 1934, 16, 4, 1873, 5, 1239, 7, 1761, 6, 267, 3, 9, 4, 636, 44, 171, 7, 1656, 899, 23, 1221, 18, 19, 2522, 13, 373, 10, 5, 70, 10, 12, 937, 10, 19, 478, 12, 953, 3, 9, 4, 40, 103, 11, 262, 6, 68, 3, 7, 1934, 16, 4, 1873, 5, 3, 7, 3815, 18, 838, 12, 3, 9, 4, 636, 194, 6, 3072, 5, 22, 267, 13, 34, 10, 4505, 5, 23, 2479, 18, 5, 37, 8, 1299, 1810, 14, 64, 28, 3, 7, 38, 3, 2143, 43, 273, 261, 27]","['▁Par', '▁décret', '▁du', '▁Président', '▁de', '▁la', '▁République', '▁en', '▁date', '▁du', '▁29', '▁décembre', '▁2023,', '▁pris', '▁sur', '▁le', '▁rapport', '▁de', '▁la', '▁P', 'remière', '▁ministre', '▁et', '▁de', '▁la', '▁ministre', '▁de', '▁l', ""'"", 'enseignement', '▁supérieur', '▁et', '▁de', '▁la', '▁recherche', '▁et', '▁visé', '▁pour', '▁son', '▁', 'exécution', '▁par', '▁le', '▁grand', '▁chancelier', '▁de', '▁la', '▁Légion', '▁d', ""'"", 'honneur', ',', '▁vu', '▁la', '▁déclaration', '▁du', '▁conseil', '▁de', '▁l', ""'"", 'ordre', '▁portant', '▁que', '▁la', '▁présente', '▁promotion', '▁est', '▁fait', 'e', '▁en', '▁conformité', '▁des', '▁loi', 's', ',', '▁décret', 's', '▁et', '▁règlement', 's', '▁en', '▁vigueur', '▁et', '▁notamment', '▁de', '▁l', ""'"", 'article', '▁R', '.', '▁27', '▁du', '▁code', '▁de', '▁la', '▁Légion', '▁d', ""'"", 'honneur', ',', '▁de', '▁la', '▁Médaill', 'e', '▁militaire', '▁et', '▁de', '▁l', ""'"", 'ordre', '▁national', '▁du', '▁Mérite', ',', '▁le', '▁conseil', '▁des', '▁ministre', 's', '▁entendu', ',', '▁est', '▁promu', 'e', ',', '▁pour', '▁', 'prendre', '▁rang', '▁à', '▁compt', 'er', '▁de', '▁la', '▁date', '▁de', '▁réception', '▁dans', '▁son', '▁grade', '▁:']"
46,JORFTEXT000048734602,JORFARTI000048734603,1,,2,Ministère de l'enseignement supérieur et de la recherche,"[2783, 3, 9, 4, 318, 252, 12, 3, 7, 316]","['▁Ministère', '▁de', '▁l', ""'"", 'enseignement', '▁supérieur', '▁et', '▁de', '▁la', '▁recherche']"
47,JORFTEXT000048734602,JORFARTI000048734603,1,,3,Au grade de commandeur,"[191, 261, 3, 3281, 441]","['▁Au', '▁grade', '▁de', '▁commande', 'ur']"
48,JORFTEXT000048734602,JORFARTI000048734603,1,,4,"Mme L'Huillier (Anne, Geneviève), prix Nobel de physique, professeure à l'université de Lund (Suède), membre de l'Académie des sciences. Officier du 10 avril 2023.","[48, 39, 4, 229, 202, 319, 517, 28, 21, 1625, 5, 214, 291, 18, 744, 815, 662, 59, 1723, 2056, 3396, 3, 1833, 5, 930, 18, 14, 9, 4, 1664, 3, 39, 74, 172, 21, 66, 202, 815, 77, 59, 278, 3, 9, 4, 3147, 18, 13, 1456, 11, 3227, 6, 272, 133, 182]","['▁Mme', '▁L', ""'"", 'H', 'u', 'il', 'li', 'er', '▁(', 'Anne', ',', '▁G', 'en', 'e', 'vi', 'è', 've', '),', '▁prix', '▁No', 'bel', '▁de', '▁physique', ',', '▁professeur', 'e', '▁à', '▁l', ""'"", 'université', '▁de', '▁L', 'un', 'd', '▁(', 'S', 'u', 'è', 'de', '),', '▁membre', '▁de', '▁l', ""'"", 'Académi', 'e', '▁des', '▁sciences', '.', '▁Officier', '▁du', '▁10', '▁avril', '▁2023.']"
49,JORFTEXT000048734605,,0,,0,fr/lr/decret/PRER2326401D/2023-12-31,"[33, 15, 35, 15, 77, 167, 15, 2899, 200, 107, 1010, 633, 76, 747, 444]","['▁fr', '/', 'lr', '/', 'de', 'cret', '/', 'PRE', 'R', '232', '64', '01', 'D', '/2023-12-', '31']"
50,JORFTEXT000048734605,JORFVERS000048734605,0,,0,Décret du 29 décembre 2023 portant promotion dans l'ordre national de la Légion d'honneur,"[168, 6, 381, 75, 24, 44, 899, 43, 9, 4, 636, 194, 3, 7, 1934, 16, 4, 1873]","['▁Décret', '▁du', '▁29', '▁décembre', '▁2023', '▁portant', '▁promotion', '▁dans', '▁l', ""'"", 'ordre', '▁national', '▁de', '▁la', '▁Légion', '▁d', ""'"", 'honneur']"
51,JORFTEXT000048734605,JORFARTI000048734606,1,,1,"Par décret du Président de la République en date du 29 décembre 2023, pris sur le rapport de la Première ministre et des ministres et visé pour son exécution par le grand chancelier de la Légion d'honneur, vu les déclarations du conseil de l'ordre portant que les présentes promotions sont faites en conformité des lois, décrets et règlements en vigueur, le conseil des ministres entendu, sont promus, pour prendre rang à compter de la date de réception dans leur grade :","[53, 70, 6, 358, 3, 7, 55, 19, 38, 6, 381, 75, 54, 543, 72, 22, 1647, 3, 7, 90, 290, 34, 12, 13, 34, 10, 12, 1213, 37, 273, 8, 148, 36, 22, 1315, 3494, 3, 7, 1934, 16, 4, 1873, 5, 1239, 25, 1761, 10, 6, 267, 3, 9, 4, 636, 44, 171, 25, 47, 88, 899, 10, 52, 1221, 88, 19, 2522, 13, 373, 10, 5, 70, 10, 12, 937, 10, 19, 478, 5, 22, 267, 13, 34, 10, 4505, 5, 52, 2479, 10, 5, 37, 8, 1299, 1810, 14, 64, 28, 3, 7, 38, 3, 2143, 43, 257, 261, 27]","['▁Par', '▁décret', '▁du', '▁Président', '▁de', '▁la', '▁République', '▁en', '▁date', '▁du', '▁29', '▁décembre', '▁2023,', '▁pris', '▁sur', '▁le', '▁rapport', '▁de', '▁la', '▁P', 'remière', '▁ministre', '▁et', '▁des', '▁ministre', 's', '▁et', '▁visé', '▁pour', '▁son', '▁', 'exécution', '▁par', '▁le', '▁grand', '▁chancelier', '▁de', '▁la', '▁Légion', '▁d', ""'"", 'honneur', ',', '▁vu', '▁les', '▁déclaration', 's', '▁du', '▁conseil', '▁de', '▁l', ""'"", 'ordre', '▁portant', '▁que', '▁les', '▁présent', 'es', '▁promotion', 's', '▁sont', '▁fait', 'es', '▁en', '▁conformité', '▁des', '▁loi', 's', ',', '▁décret', 's', '▁et', '▁règlement', 's', '▁en', '▁vigueur', ',', '▁le', '▁conseil', '▁des', '▁ministre', 's', '▁entendu', ',', '▁sont', '▁promu', 's', ',', '▁pour', '▁', 'prendre', '▁rang', '▁à', '▁compt', 'er', '▁de', '▁la', '▁date', '▁de', '▁réception', '▁dans', '▁leur', '▁grade', '▁:']"
52,JORFTEXT000048734605,JORFARTI000048734606,1,,2,Grande chancellerie de la Légion d'honneur,"[1681, 18, 3920, 3, 7, 1934, 16, 4, 1873]","['▁Grand', 'e', '▁chancellerie', '▁de', '▁la', '▁Légion', '▁d', ""'"", 'honneur']"
53,JORFTEXT000048734605,JORFARTI000048734606,1,,3,Au grade de commandeur,"[191, 261, 3, 3281, 441]","['▁Au', '▁grade', '▁de', '▁commande', 'ur']"
54,JORFTEXT000048734605,JORFARTI000048734606,1,,4,"M. Carosella (Edgardo, Delfino), directeur de recherche, chef de service honoraire en hémato-immunologie. Officier du 20 décembre 2016.","[30, 11, 1814, 1717, 2984, 21, 179, 172, 204, 1069, 178, 5, 108, 432, 1037, 178, 59, 87, 3, 316, 5, 394, 3, 235, 2098, 19, 8, 1223, 666, 663, 17, 624, 436, 74, 1460, 11, 3227, 6, 218, 75, 844, 11]","['▁M', '.', '▁Car', 'ose', 'lla', '▁(', 'E', 'd', 'g', 'ard', 'o', ',', '▁D', 'el', 'fin', 'o', '),', '▁directeur', '▁de', '▁recherche', ',', '▁chef', '▁de', '▁service', '▁honoraire', '▁en', '▁', 'hé', 'ma', 'to', '-', 'im', 'm', 'un', 'ologie', '.', '▁Officier', '▁du', '▁20', '▁décembre', '▁2016', '.']"
55,JORFTEXT000048734605,JORFARTI000048734606,1,,5,Première ministre,"[90, 290, 34]","['▁P', 'remière', '▁ministre']"
56,JORFTEXT000048734605,JORFARTI000048734606,1,,6,Au grade de commandeur,"[191, 261, 3, 3281, 441]","['▁Au', '▁grade', '▁de', '▁commande', 'ur']"
57,JORFTEXT000048734605,JORFARTI000048734606,1,,7,"Mme Jolliet (Pascale, Marie, Élisabeth), présidente du conseil d'administration de l'Ecole des hautes études en santé publique, directrice du pôle santé d'une université. Officier du 16 mars 2016.","[48, 2188, 1822, 296, 21, 3123, 18, 5, 449, 5, 8, 384, 517, 10, 762, 18, 839, 59, 1051, 6, 267, 16, 4, 118, 3, 9, 4, 656, 13, 3536, 907, 19, 132, 220, 5, 297, 6, 1979, 132, 16, 4, 56, 341, 11, 3227, 6, 275, 120, 844, 11]","['▁Mme', '▁Jo', 'lli', 'et', '▁(', 'Pascal', 'e', ',', '▁Marie', ',', '▁', 'É', 'li', 's', 'ab', 'e', 'th', '),', '▁présidente', '▁du', '▁conseil', '▁d', ""'"", 'administration', '▁de', '▁l', ""'"", 'Ecole', '▁des', '▁hautes', '▁études', '▁en', '▁santé', '▁publique', ',', '▁directrice', '▁du', '▁pôle', '▁santé', '▁d', ""'"", 'une', '▁université', '.', '▁Officier', '▁du', '▁16', '▁mars', '▁2016', '.']"
58,JORFTEXT000048734605,JORFARTI000048734606,1,,8,"M. Perrette (Octave, Tiburce), ancien combattant, bénévole associatif. Officier du 20 juin 2018.","[30, 11, 90, 28, 83, 736, 21, 347, 185, 842, 662, 5, 253, 212, 315, 441, 835, 59, 2551, 3793, 5, 366, 81, 1242, 1366, 365, 8, 1089, 1222, 655, 1444, 11, 3227, 6, 218, 116, 936, 11]","['▁M', '.', '▁P', 'er', 'r', 'ette', '▁(', 'O', 'c', 'ta', 've', ',', '▁T', 'i', 'b', 'ur', 'ce', '),', '▁ancien', '▁combattant', ',', '▁b', 'é', 'né', 'vo', 'le', '▁', 'ass', 'oc', 'ia', 'tif', '.', '▁Officier', '▁du', '▁20', '▁juin', '▁2018', '.']"
59,JORFTEXT000048734605,JORFARTI000048734606,1,,9,Ministère de l'intérieur et des outre-mer,"[2783, 3, 9, 4, 238, 12, 13, 226, 17, 198]","['▁Ministère', '▁de', '▁l', ""'"", 'intérieur', '▁et', '▁des', '▁outre', '-', 'mer']"
60,JORFTEXT000048734605,JORFARTI000048734606,1,,10,Au grade de commandeur,"[191, 261, 3, 3281, 441]","['▁Au', '▁grade', '▁de', '▁commande', 'ur']"
61,JORFTEXT000048734605,JORFARTI000048734606,1,,11,"Mme Chevalier, née de Bortoli (Josiane, Monique, Yvette), préfète de la région Grand-Est, préfète de la zone de défense et de sécurité Est, préfète du Bas-Rhin. Officier du 14 février 2018.","[48, 906, 18, 1101, 1025, 5, 485, 3, 94, 299, 663, 517, 21, 537, 178, 10, 2352, 5, 3873, 5, 1959, 448, 736, 59, 1826, 3, 7, 404, 1681, 17, 2726, 5, 1826, 3, 7, 552, 3, 451, 12, 3, 123, 791, 5, 1826, 6, 8, 2343, 17, 2622, 11, 3227, 6, 313, 135, 936, 11]","['▁Mme', '▁Ch', 'e', 'val', 'ier', ',', '▁née', '▁de', '▁B', 'or', 'to', 'li', '▁(', 'J', 'o', 's', 'iane', ',', '▁Monique', ',', '▁Y', 'v', 'ette', '),', '▁préfète', '▁de', '▁la', '▁région', '▁Grand', '-', 'Est', ',', '▁préfète', '▁de', '▁la', '▁zone', '▁de', '▁défense', '▁et', '▁de', '▁sécurité', '▁Est', ',', '▁préfète', '▁du', '▁', 'Bas', '-', 'Rhin', '.', '▁Officier', '▁du', '▁14', '▁février', '▁2018', '.']"
62,JORFTEXT000048734605,JORFARTI000048734606,1,,12,Ministère de l'Europe et des affaires étrangères,"[2783, 3, 9, 4, 631, 12, 13, 8, 284, 511]","['▁Ministère', '▁de', '▁l', ""'"", 'Europe', '▁et', '▁des', '▁', 'affaires', '▁étrangères']"
63,JORFTEXT000048734605,JORFARTI000048734606,1,,13,PERSONNEL,"[1586, 1484, 3118]","['▁PER', 'SON', 'NEL']"
64,JORFTEXT000048734605,JORFARTI000048734606,1,,14,Au grade de commandeur,"[191, 261, 3, 3281, 441]","['▁Au', '▁grade', '▁de', '▁commande', 'ur']"
65,JORFTEXT000048734605,JORFARTI000048734606,1,,15,"M. Parant (André, Jean, Claude), ancien ministre plénipotentiaire, ancien ambassadeur extraordinaire et plénipotentiaire en Tunisie. Officier du 11 septembre 2018.","[30, 11, 53, 92, 21, 4654, 5, 387, 5, 2469, 59, 2551, 34, 8, 2153, 5, 2551, 3035, 1874, 12, 8, 2153, 19, 8, 771, 11, 3227, 6, 311, 112, 936, 11]","['▁M', '.', '▁Par', 'ant', '▁(', 'André', ',', '▁Jean', ',', '▁Claude', '),', '▁ancien', '▁ministre', '▁', 'plénipotentiaire', ',', '▁ancien', '▁ambassadeur', '▁extraordinaire', '▁et', '▁', 'plénipotentiaire', '▁en', '▁', 'Tunisie', '.', '▁Officier', '▁du', '▁11', '▁septembre', '▁2018', '.']"
66,JORFTEXT000048734605,JORFARTI000048734606,1,,16,Ministère de la justice,"[2783, 3, 7, 127]","['▁Ministère', '▁de', '▁la', '▁justice']"
67,JORFTEXT000048734605,JORFARTI000048734606,1,,17,Au grade de commandeur,"[191, 261, 3, 3281, 441]","['▁Au', '▁grade', '▁de', '▁commande', 'ur']"
68,JORFTEXT000048734605,JORFARTI000048734606,1,,18,"Mme Belliard, née Kleiber (Edwige), conseillère d'Etat, membre de la Cour permanente d'arbitrage de La Haye. Officier du 8 février 2008.","[48, 94, 18, 1822, 1069, 5, 485, 460, 365, 212, 315, 28, 21, 179, 172, 692, 1194, 18, 59, 695, 16, 4, 101, 5, 278, 3, 7, 718, 2308, 16, 4, 389, 1600, 794, 582, 3, 80, 439, 946, 18, 11, 3227, 6, 223, 135, 1392, 11]","['▁Mme', '▁B', 'e', 'lli', 'ard', ',', '▁née', '▁K', 'le', 'i', 'b', 'er', '▁(', 'E', 'd', 'w', 'ig', 'e', '),', '▁conseillère', '▁d', ""'"", 'Etat', ',', '▁membre', '▁de', '▁la', '▁Cour', '▁permanente', '▁d', ""'"", 'ar', 'bi', 'tra', 'ge', '▁de', '▁La', '▁H', 'ay', 'e', '.', '▁Officier', '▁du', '▁8', '▁février', '▁2008', '.']"
69,JORFTEXT000048734605,JORFARTI000048734606,1,,19,Ministère de l'éducation nationale et de la jeunesse,"[2783, 3, 9, 4, 423, 73, 12, 3, 7, 596]","['▁Ministère', '▁de', '▁l', ""'"", 'éducation', '▁nationale', '▁et', '▁de', '▁la', '▁jeunesse']"
70,JORFTEXT000048734605,JORFARTI000048734606,1,,20,Au grade de commandeur,"[191, 261, 3, 3281, 441]","['▁Au', '▁grade', '▁de', '▁commande', 'ur']"
71,JORFTEXT000048734605,JORFARTI000048734606,1,,21,"M. Rufo (Marcel, Louis), pédopsychiatre. Officier du 6 mars 2013.","[30, 11, 103, 1478, 178, 21, 2385, 432, 5, 1721, 59, 409, 81, 172, 765, 10, 245, 3049, 321, 209, 11, 3227, 6, 161, 120, 1482, 11]","['▁M', '.', '▁R', 'uf', 'o', '▁(', 'Marc', 'el', ',', '▁Louis', '),', '▁p', 'é', 'd', 'op', 's', 'y', 'chi', 'at', 're', '.', '▁Officier', '▁du', '▁6', '▁mars', '▁2013', '.']"
72,JORFTEXT000048734605,JORFARTI000048734606,1,,22,Ministère de l'enseignement supérieur et de la recherche,"[2783, 3, 9, 4, 318, 252, 12, 3, 7, 316]","['▁Ministère', '▁de', '▁l', ""'"", 'enseignement', '▁supérieur', '▁et', '▁de', '▁la', '▁recherche']"
73,JORFTEXT000048734605,JORFARTI000048734606,1,,23,Au grade de commandeur,"[191, 261, 3, 3281, 441]","['▁Au', '▁grade', '▁de', '▁commande', 'ur']"
74,JORFTEXT000048734605,JORFARTI000048734606,1,,24,"M. Clervoy (Jean-François, André), ancien spationaute à l'Agence spatiale européenne, président d'honneur d'une filiale du Centre national d'études spatiales. Officier du 24 janvier 2003.","[30, 11, 115, 149, 28, 1366, 245, 21, 1158, 17, 1196, 5, 2455, 59, 2551, 8, 10, 207, 166, 248, 571, 14, 9, 4, 698, 4678, 18, 1697, 5, 473, 16, 4, 1873, 16, 4, 56, 547, 2287, 667, 6, 872, 194, 16, 4, 1424, 4678, 88, 11, 3227, 6, 269, 100, 2148, 11]","['▁M', '.', '▁C', 'l', 'er', 'vo', 'y', '▁(', 'Jean', '-', 'François', ',', '▁André', '),', '▁ancien', '▁', 's', 'p', 'ation', 'au', 'te', '▁à', '▁l', ""'"", 'Agence', '▁spatial', 'e', '▁européenne', ',', '▁président', '▁d', ""'"", 'honneur', '▁d', ""'"", 'une', '▁f', 'ili', 'ale', '▁du', '▁Centre', '▁national', '▁d', ""'"", 'études', '▁spatial', 'es', '.', '▁Officier', '▁du', '▁24', '▁janvier', '▁2003', '.']"
75,JORFTEXT000048734605,JORFARTI000048734606,1,,25,Ministère de l'agriculture et de la souveraineté alimentaire,"[2783, 3, 9, 4, 338, 12, 3, 7, 162, 514]","['▁Ministère', '▁de', '▁l', ""'"", 'agriculture', '▁et', '▁de', '▁la', '▁souveraineté', '▁alimentaire']"
76,JORFTEXT000048734605,JORFARTI000048734606,1,,26,Au grade de commandeur,"[191, 261, 3, 3281, 441]","['▁Au', '▁grade', '▁de', '▁commande', 'ur']"
77,JORFTEXT000048734605,JORFARTI000048734606,1,,27,"M. Legay (Guy, Georges, Antoine), chef cuisinier. Officier du 13 avril 2000.","[30, 11, 49, 204, 946, 21, 176, 2311, 5, 8, 2694, 5, 2331, 59, 394, 8, 1560, 251, 2631, 28, 11, 3227, 6, 224, 133, 2395, 11]","['▁M', '.', '▁Le', 'g', 'ay', '▁(', 'G', 'uy', ',', '▁', 'Georges', ',', '▁Antoine', '),', '▁chef', '▁', 'cu', 'is', 'ini', 'er', '.', '▁Officier', '▁du', '▁13', '▁avril', '▁2000', '.']"
78,JORFTEXT000048734605,JORFARTI000048734606,1,,28,Ministère de la transition écologique et de la cohésion des territoires,"[2783, 3, 7, 301, 374, 12, 3, 7, 367, 13, 327]","['▁Ministère', '▁de', '▁la', '▁transition', '▁écologique', '▁et', '▁de', '▁la', '▁cohésion', '▁des', '▁territoires']"
79,JORFTEXT000048734605,JORFARTI000048734606,1,,29,Au grade de commandeur,"[191, 261, 3, 3281, 441]","['▁Au', '▁grade', '▁de', '▁commande', 'ur']"
80,JORFTEXT000048734605,JORFARTI000048734606,1,,30,"M. Flajolet (André, Alain, Justin), ancien député du Pas-de-Calais, maire de Saint-Venant. Officier du 21 octobre 2017.","[30, 11, 236, 415, 564, 446, 296, 21, 4654, 5, 2036, 5, 2818, 124, 280, 59, 2551, 3837, 6, 8, 2954, 17, 77, 17, 2840, 5, 134, 209, 3, 438, 17, 266, 291, 92, 11, 3227, 6, 190, 122, 841, 11]","['▁M', '.', '▁F', 'la', 'j', 'ol', 'et', '▁(', 'André', ',', '▁Alain', ',', '▁Jus', 't', 'in', '),', '▁ancien', '▁député', '▁du', '▁', 'Pas', '-', 'de', '-', 'Calais', ',', '▁mai', 're', '▁de', '▁Saint', '-', 'V', 'en', 'ant', '.', '▁Officier', '▁du', '▁21', '▁octobre', '▁2017', '.']"
81,JORFTEXT000048734605,JORFARTI000048734606,1,,31,Ministère de la santé et de la prévention,"[2783, 3, 7, 132, 12, 3, 7, 411]","['▁Ministère', '▁de', '▁la', '▁santé', '▁et', '▁de', '▁la', '▁prévention']"
82,JORFTEXT000048734605,JORFARTI000048734606,1,,32,Au grade de commandeur,"[191, 261, 3, 3281, 441]","['▁Au', '▁grade', '▁de', '▁commande', 'ur']"
83,JORFTEXT000048734605,JORFARTI000048734606,1,,33,"M. Couty (Édouard), ancien médiateur national pour les personnels des établissements publics de santé. Officier du 10 octobre 2011.","[30, 11, 115, 1452, 245, 21, 384, 172, 330, 1069, 59, 2551, 4327, 822, 194, 37, 25, 774, 13, 490, 130, 3, 132, 11, 3227, 6, 272, 122, 1772, 11]","['▁M', '.', '▁C', 'out', 'y', '▁(', 'É', 'd', 'ou', 'ard', '),', '▁ancien', '▁médiat', 'eur', '▁national', '▁pour', '▁les', '▁personnels', '▁des', '▁établissements', '▁publics', '▁de', '▁santé', '.', '▁Officier', '▁du', '▁10', '▁octobre', '▁2011', '.']"
84,JORFTEXT000048734605,JORFARTI000048734606,1,,34,"M. Versier (Gilbert, Paul, Michel), chirurgien orthopédiste et traumatologue d'établissements hospitaliers. Officier du 17 novembre 2016.","[30, 11, 353, 28, 10, 1025, 21, 176, 319, 1853, 5, 1935, 5, 1541, 59, 1507, 128, 8, 299, 839, 765, 81, 172, 1038, 12, 2116, 248, 666, 663, 3120, 16, 4, 717, 10, 1998, 10, 11, 3227, 6, 264, 125, 844, 11]","['▁M', '.', '▁V', 'er', 's', 'ier', '▁(', 'G', 'il', 'bert', ',', '▁Paul', ',', '▁Michel', '),', '▁chirurgie', 'n', '▁', 'or', 'th', 'op', 'é', 'd', 'iste', '▁et', '▁tr', 'au', 'ma', 'to', 'logue', '▁d', ""'"", 'établissement', 's', '▁hospitalier', 's', '.', '▁Officier', '▁du', '▁17', '▁novembre', '▁2016', '.']"
85,JORFTEXT000048734607,,0,,0,fr/lr/decret/PRER2326408D/2023-12-31,"[33, 15, 35, 15, 77, 167, 15, 2899, 200, 107, 1010, 893, 76, 747, 444]","['▁fr', '/', 'lr', '/', 'de', 'cret', '/', 'PRE', 'R', '232', '64', '08', 'D', '/2023-12-', '31']"
86,JORFTEXT000048734607,JORFVERS000048734607,0,,0,Décret du 29 décembre 2023 portant promotion et nomination à titre exceptionnel dans l'ordre national de la Légion d'honneur,"[168, 6, 381, 75, 24, 44, 899, 12, 78, 14, 97, 2544, 43, 9, 4, 636, 194, 3, 7, 1934, 16, 4, 1873]","['▁Décret', '▁du', '▁29', '▁décembre', '▁2023', '▁portant', '▁promotion', '▁et', '▁nomination', '▁à', '▁titre', '▁exceptionnel', '▁dans', '▁l', ""'"", 'ordre', '▁national', '▁de', '▁la', '▁Légion', '▁d', ""'"", 'honneur']"
87,JORFTEXT000048734607,JORFARTI000048734608,1,,1,"Par décret du Président de la République en date du 29 décembre 2023, pris sur le rapport de la Première ministre et des ministres et visé pour son exécution par le grand chancelier de la Légion d'honneur, vu les déclarations du conseil de l'ordre portant que les présentes promotions et nominations sont faites en conformité des lois, décrets et règlements en vigueur, et notamment de l'article R. 27 du code de la Légion d'honneur, de la Médaille militaire et de l'ordre national du Mérite, le conseil des ministres entendu, sont promus ou nommés, pour prendre rang à compter de la date de réception dans leur grade :","[53, 70, 6, 358, 3, 7, 55, 19, 38, 6, 381, 75, 54, 543, 72, 22, 1647, 3, 7, 90, 290, 34, 12, 13, 34, 10, 12, 1213, 37, 273, 8, 148, 36, 22, 1315, 3494, 3, 7, 1934, 16, 4, 1873, 5, 1239, 25, 1761, 10, 6, 267, 3, 9, 4, 636, 44, 171, 25, 47, 88, 899, 10, 12, 78, 10, 52, 1221, 88, 19, 2522, 13, 373, 10, 5, 70, 10, 12, 937, 10, 19, 478, 5, 12, 953, 3, 9, 4, 40, 103, 11, 262, 6, 68, 3, 7, 1934, 16, 4, 1873, 5, 3, 7, 3815, 18, 838, 12, 3, 9, 4, 636, 194, 6, 3072, 5, 22, 267, 13, 34, 10, 4505, 5, 52, 2479, 10, 63, 502, 5, 37, 8, 1299, 1810, 14, 64, 28, 3, 7, 38, 3, 2143, 43, 257, 261, 27]","['▁Par', '▁décret', '▁du', '▁Président', '▁de', '▁la', '▁République', '▁en', '▁date', '▁du', '▁29', '▁décembre', '▁2023,', '▁pris', '▁sur', '▁le', '▁rapport', '▁de', '▁la', '▁P', 'remière', '▁ministre', '▁et', '▁des', '▁ministre', 's', '▁et', '▁visé', '▁pour', '▁son', '▁', 'exécution', '▁par', '▁le', '▁grand', '▁chancelier', '▁de', '▁la', '▁Légion', '▁d', ""'"", 'honneur', ',', '▁vu', '▁les', '▁déclaration', 's', '▁du', '▁conseil', '▁de', '▁l', ""'"", 'ordre', '▁portant', '▁que', '▁les', '▁présent', 'es', '▁promotion', 's', '▁et', '▁nomination', 's', '▁sont', '▁fait', 'es', '▁en', '▁conformité', '▁des', '▁loi', 's', ',', '▁décret', 's', '▁et', '▁règlement', 's', '▁en', '▁vigueur', ',', '▁et', '▁notamment', '▁de', '▁l', ""'"", 'article', '▁R', '.', '▁27', '▁du', '▁code', '▁de', '▁la', '▁Légion', '▁d', ""'"", 'honneur', ',', '▁de', '▁la', '▁Médaill', 'e', '▁militaire', '▁et', '▁de', '▁l', ""'"", 'ordre', '▁national', '▁du', '▁Mérite', ',', '▁le', '▁conseil', '▁des', '▁ministre', 's', '▁entendu', ',', '▁sont', '▁promu', 's', '▁ou', '▁nommés', ',', '▁pour', '▁', 'prendre', '▁rang', '▁à', '▁compt', 'er', '▁de', '▁la', '▁date', '▁de', '▁réception', '▁dans', '▁leur', '▁grade', '▁:']"
88,JORFTEXT000048734607,JORFARTI000048734608,1,,2,Ministère de l'intérieur et des outre-mer,"[2783, 3, 9, 4, 238, 12, 13, 226, 17, 198]","['▁Ministère', '▁de', '▁l', ""'"", 'intérieur', '▁et', '▁des', '▁outre', '-', 'mer']"
89,JORFTEXT000048734607,JORFARTI000048734608,1,,3,Au grade de chevalier,"[191, 261, 3, 8, 591, 1101, 1025]","['▁Au', '▁grade', '▁de', '▁', 'che', 'val', 'ier']"
90,JORFTEXT000048734607,JORFARTI000048734608,1,,4,"Mme Asset (Adeline, Isabelle), gardienne de la paix ; 11 ans de services.","[48, 82, 10, 10, 296, 21, 26, 77, 2171, 5, 1500, 59, 970, 1069, 2027, 3, 7, 409, 114, 2107, 46, 311, 225, 3, 177, 11]","['▁Mme', '▁A', 's', 's', 'et', '▁(', 'A', 'de', 'line', ',', '▁Isabelle', '),', '▁g', 'ard', 'ienne', '▁de', '▁la', '▁p', 'a', 'ix', '▁;', '▁11', '▁ans', '▁de', '▁services', '.']"
91,JORFTEXT000048734607,JORFARTI000048734608,1,,5,"Mme Jozwiack (Chloé, Éliane, Régine), policière adjointe ; 1 an de services.","[48, 2188, 434, 692, 655, 2555, 21, 3981, 5, 8, 384, 149, 2352, 5, 103, 2172, 573, 59, 8, 3510, 185, 1335, 845, 46, 50, 1054, 3, 177, 11]","['▁Mme', '▁Jo', 'z', 'w', 'ia', 'ck', '▁(', 'Chloé', ',', '▁', 'É', 'l', 'iane', ',', '▁R', 'égi', 'ne', '),', '▁', 'poli', 'c', 'ière', '▁adjointe', '▁;', '▁1', '▁an', '▁de', '▁services', '.']"
92,JORFTEXT000048734607,JORFARTI000048734608,1,,6,"M. Laurent (Cédric, Michel, Germain), gardien de la paix ; 19 ans de services.","[30, 11, 1698, 21, 2655, 5, 1541, 5, 8, 3431, 59, 970, 1069, 1956, 3, 7, 409, 114, 2107, 46, 196, 225, 3, 177, 11]","['▁M', '.', '▁Laurent', '▁(', 'Cédric', ',', '▁Michel', ',', '▁', 'Germain', '),', '▁g', 'ard', 'ien', '▁de', '▁la', '▁p', 'a', 'ix', '▁;', '▁19', '▁ans', '▁de', '▁services', '.']"
93,JORFTEXT000048734607,JORFARTI000048734608,1,,7,Ministère de l'éducation nationale et de la jeunesse,"[2783, 3, 9, 4, 423, 73, 12, 3, 7, 596]","['▁Ministère', '▁de', '▁l', ""'"", 'éducation', '▁nationale', '▁et', '▁de', '▁la', '▁jeunesse']"
94,JORFTEXT000048734607,JORFARTI000048734608,1,,8,Au grade de chevalier,"[191, 261, 3, 8, 591, 1101, 1025]","['▁Au', '▁grade', '▁de', '▁', 'che', 'val', 'ier']"
95,JORFTEXT000048734607,JORFARTI000048734608,1,,9,"M. Laribi (Benjamin, Saïd, Jean), assistant d'éducation ; 8 ans de services.","[30, 11, 80, 413, 1600, 21, 3207, 5, 1637, 0, 172, 5, 387, 59, 8, 2194, 16, 4, 423, 46, 223, 225, 3, 177, 11]","['▁M', '.', '▁La', 'ri', 'bi', '▁(', 'Benjamin', ',', '▁Sa', 'ï', 'd', ',', '▁Jean', '),', '▁', 'assistant', '▁d', ""'"", 'éducation', '▁;', '▁8', '▁ans', '▁de', '▁services', '.']"
96,JORFTEXT000048734607,JORFARTI000048734608,1,,10,Ministère de l'enseignement supérieur et de la recherche,"[2783, 3, 9, 4, 318, 252, 12, 3, 7, 316]","['▁Ministère', '▁de', '▁l', ""'"", 'enseignement', '▁supérieur', '▁et', '▁de', '▁la', '▁recherche']"
97,JORFTEXT000048734607,JORFARTI000048734608,1,,11,Au grade d'officier,"[191, 261, 16, 4, 2180]","['▁Au', '▁grade', '▁d', ""'"", 'officier']"
98,JORFTEXT000048734607,JORFARTI000048734608,1,,12,"M. Bloch (Gilles, Fernand), ingénieur, biophysicien, médecin, président du Muséum national d'histoire naturelle. Chevalier du 24 février 2016.","[30, 11, 94, 670, 556, 21, 176, 723, 10, 5, 4669, 59, 773, 5, 2935, 801, 245, 10, 2428, 291, 5, 539, 5, 473, 6, 2867, 804, 194, 16, 4, 2811, 1134, 11, 906, 18, 1101, 1025, 6, 269, 135, 844, 11]","['▁M', '.', '▁B', 'lo', 'ch', '▁(', 'G', 'ille', 's', ',', '▁Fernand', '),', '▁ingénieur', ',', '▁bio', 'ph', 'y', 's', 'ici', 'en', ',', '▁médecin', ',', '▁président', '▁du', '▁Musé', 'um', '▁national', '▁d', ""'"", 'histoire', '▁naturelle', '.', '▁Ch', 'e', 'val', 'ier', '▁du', '▁24', '▁février', '▁2016', '.']"
99,JORFTEXT000048734607,JORFARTI000048734608,1,,13,Ministère de la transition écologique et de la cohésion des territoires,"[2783, 3, 7, 301, 374, 12, 3, 7, 367, 13, 327]","['▁Ministère', '▁de', '▁la', '▁transition', '▁écologique', '▁et', '▁de', '▁la', '▁cohésion', '▁des', '▁territoires']"
